{"/home/tristan/ZeSolver/dataset_test/Light_mosaic_M 31_10.0s_LP_20250114-212929.fit": {"eqmode": null, "size": 4155840, "mtime": 1776002759.654437}, "/home/tristan/ZeSolver/dataset_test/Light_mosaic_M 31_10.0s_LP_20250114-214621.fit": {"eqmode": null, "size": 4155840, "mtime": 1776002782.8345354}, "/home/tristan/ZeSolver/dataset_test/Light_mosaic_M 31_10.0s_LP_20250114-215631.fit": {"eqmode": null, "size": 4155840, "mtime": 1776002802.6506193}, "/home/tristan/ZeSolver/dataset_test/Light_mosaic_M 31_10.0s_LP_20250114-213345.fit": {"eqmode": null, "size": 4155840, "mtime": 1776002768.2944736}, "/home/tristan/ZeSolver/dataset_test/Light_mosaic_M 31_10.0s_LP_20250114-211400.fit": {"eqmode": null, "size": 4155840, "mtime": 1776002740.9903576}, "/home/tristan/ZeSolver/dataset_test/Light_mosaic_M 31_10.0s_LP_20250114-215121.fit": {"eqmode": null, "size": 4155840, "mtime": 1776002792.430576}, "/home/tristan/ZeSolver/dataset_test/Light_mosaic_M 31_10.0s_LP_20250114-215459.fit": {"eqmode": null, "size": 4155840, "mtime": 1776002800.3066094}, "/home/tristan/ZeSolver/dataset_test/Light_mosaic_M 31_10.0s_LP_20250114-215056.fit": {"eqmode": null, "size": 4155840, "mtime": 1776002791.742573}, "/home/tristan/ZeSolver/dataset_test/Light_mosaic_M 31_10.0s_LP_20250114-220141.fit": {"eqmode": null, "size": 4155840, "mtime": 1776002809.0866466}, "/home/tristan/ZeSolver/dataset_test/Light_mosaic_M 31_10.0s_LP_20250114-212506.fit": {"eqmode": null, "size": 4155840, "mtime": 1776002753.3944104}, "/home/tristan/ZeSolver/dataset_test/Light_mosaic_M 31_10.0s_LP_20250114-215413.fit": {"eqmode": null, "size": 4155840, "mtime": 1776002798.1466002}, "/home/tristan/ZeSolver/dataset_test/Light_mosaic_M 31_10.0s_LP_20250114-210848.fit": {"eqmode": null, "size": 4155840, "mtime": 1776002738.1343455}, "/home/tristan/ZeSolver/dataset_test/Light_mosaic_M 31_10.0s_LP_20250114-220238.fit": {"eqmode": null, "size": 4155840, "mtime": 1776002809.7266493}, "/home/tristan/ZeSolver/dataset_test/Light_mosaic_M 31_10.0s_LP_20250114-212246.fit": {"eqmode": null, "size": 4155840, "mtime": 1776002749.042392}, "/home/tristan/ZeSolver/dataset_test/Light_mosaic_M 31_10.0s_LP_20250114-214809.fit": {"eqmode": null, "size": 4158720, "mtime": 1776002787.4825552}, "/home/tristan/ZeSolver/dataset_test/Light_mosaic_M 31_10.0s_LP_20250114-214424.fit": {"eqmode": null, "size": 4155840, "mtime": 1776002778.946519}, "/home/tristan/ZeSolver/dataset_test/Light_mosaic_M 31_10.0s_LP_20250114-215022.fit": {"eqmode": null, "size": 4155840, "mtime": 1776002791.0905704}, "/home/tristan/ZeSolver/dataset_test/Light_mosaic_M 31_10.0s_LP_20250114-212646.fit": {"eqmode": null, "size": 4155840, "mtime": 1776002756.7104244}, "/home/tristan/ZeSolver/dataset_test/Light_mosaic_M 31_10.0s_LP_20250114-212333.fit": {"eqmode": null, "size": 4155840, "mtime": 1776002750.5263982}, "/home/tristan/ZeSolver/dataset_test/Light_mosaic_M 31_10.0s_LP_20250114-215448.fit": {"eqmode": null, "size": 4155840, "mtime": 1776002799.6466067}, "/home/tristan/ZeSolver/dataset_test/Light_mosaic_M 31_10.0s_LP_20250114-215753.fit": {"eqmode": null, "size": 4155840, "mtime": 1776002803.9466248}, "/home/tristan/ZeSolver/dataset_test/Light_mosaic_M 31_10.0s_LP_20250114-213127.fit": {"eqmode": null, "size": 4155840, "mtime": 1776002763.2544522}, "/home/tristan/ZeSolver/dataset_test/Light_mosaic_M 31_10.0s_LP_20250114-215134.fit": {"eqmode": null, "size": 4155840, "mtime": 1776002793.142579}, "/home/tristan/ZeSolver/dataset_test/Light_mosaic_M 31_10.0s_LP_20250114-215302.fit": {"eqmode": null, "size": 4155840, "mtime": 1776002796.1065917}, "/home/tristan/ZeSolver/dataset_test/Light_mosaic_M 31_10.0s_LP_20250114-211841.fit": {"eqmode": null, "size": 4155840, "mtime": 1776002744.4903727}, "/home/tristan/ZeSolver/dataset_test/Light_mosaic_M 31_10.0s_LP_20250114-213334.fit": {"eqmode": null, "size": 4155840, "mtime": 1776002769.0104766}, "/home/tristan/ZeSolver/dataset_test/Light_mosaic_M 31_10.0s_LP_20250114-220010.fit": {"eqmode": null, "size": 4155840, "mtime": 1776002806.9426374}, "/home/tristan/ZeSolver/dataset_test/Light_mosaic_M 31_10.0s_LP_20250114-213052.fit": {"eqmode": null, "size": 4155840, "mtime": 1776002763.1104517}, "/home/tristan/ZeSolver/dataset_test/Light_mosaic_M 31_10.0s_LP_20250114-213625.fit": {"eqmode": null, "size": 4155840, "mtime": 1776002772.7224925}, "/home/tristan/ZeSolver/dataset_test/Light_mosaic_M 31_10.0s_LP_20250114-214523.fit": {"eqmode": null, "size": 4155840, "mtime": 1776002781.0305276}, "/home/tristan/ZeSolver/dataset_test/Light_mosaic_M 31_10.0s_LP_20250114-214633.fit": {"eqmode": null, "size": 4155840, "mtime": 1776002783.4105377}, "/home/tristan/ZeSolver/dataset_test/Light_mosaic_M 31_10.0s_LP_20250114-211116.fit": {"eqmode": null, "size": 4155840, "mtime": 1776002740.378355}, "/home/tristan/ZeSolver/dataset_test/Light_mosaic_M 31_10.0s_LP_20250114-215902.fit": {"eqmode": null, "size": 4155840, "mtime": 1776002805.422631}, "/home/tristan/ZeSolver/dataset_test/Light_mosaic_M 31_10.0s_LP_20250114-213017.fit": {"eqmode": null, "size": 4155840, "mtime": 1776002760.834442}, "/home/tristan/ZeSolver/dataset_test/Light_mosaic_M 31_10.0s_LP_20250114-212345.fit": {"eqmode": null, "size": 4155840, "mtime": 1776002751.214401}, "/home/tristan/ZeSolver/dataset_test/Light_mosaic_M 31_10.0s_LP_20250114-213028.fit": {"eqmode": null, "size": 4155840, "mtime": 1776002763.6304538}, "/home/tristan/ZeSolver/dataset_test/Light_mosaic_M 31_10.0s_LP_20250114-215349.fit": {"eqmode": null, "size": 4155840, "mtime": 1776002797.4465973}, "/home/tristan/ZeSolver/dataset_test/Light_mosaic_M 31_10.0s_LP_20250114-213517.fit": {"eqmode": null, "size": 4155840, "mtime": 1776002770.9624848}, "/home/tristan/ZeSolver/dataset_test/Light_mosaic_M 31_10.0s_LP_20250114-214957.fit": {"eqmode": null, "size": 4155840, "mtime": 1776002790.078566}, "/home/tristan/ZeSolver/dataset_test/Light_mosaic_M 31_10.0s_LP_20250114-212210.fit": {"eqmode": null, "size": 4155840, "mtime": 1776002747.5383856}, "/home/tristan/ZeSolver/dataset_test/Light_mosaic_M 31_10.0s_LP_20250114-214908.fit": {"eqmode": null, "size": 4155840, "mtime": 1776002788.7105603}, "/home/tristan/ZeSolver/dataset_test/Light_mosaic_M 31_10.0s_LP_20250114-211756.fit": {"eqmode": null, "size": 4158720, "mtime": 1776002742.998366}, "/home/tristan/ZeSolver/dataset_test/Light_mosaic_M 31_10.0s_LP_20250114-210751.fit": {"eqmode": null, "size": 4155840, "mtime": 1776002739.0103493}, "/home/tristan/ZeSolver/dataset_test/Light_mosaic_M 31_10.0s_LP_20250114-212723.fit": {"eqmode": null, "size": 4155840, "mtime": 1776002761.5104449}, "/home/tristan/ZeSolver/dataset_test/Light_mosaic_M 31_10.0s_LP_20250114-215523.fit": {"eqmode": null, "size": 4155840, "mtime": 1776002801.1906133}, "/home/tristan/ZeSolver/dataset_test/Light_mosaic_M 31_10.0s_LP_20250114-212258.fit": {"eqmode": null, "size": 4155840, "mtime": 1776002749.8303952}, "/home/tristan/ZeSolver/dataset_test/Light_mosaic_M 31_10.0s_LP_20250114-214558.fit": {"eqmode": null, "size": 4155840, "mtime": 1776002782.262533}, "/home/tristan/ZeSolver/dataset_test/Light_mosaic_M 31_10.0s_LP_20250114-210715.fit": {"eqmode": null, "size": 4155840, "mtime": 1776002737.6583436}, "/home/tristan/ZeSolver/dataset_test/Light_mosaic_M 31_10.0s_LP_20250114-215200.fit": {"eqmode": null, "size": 4155840, "mtime": 1776002793.9025822}, "/home/tristan/ZeSolver/dataset_test/Light_mosaic_M 31_10.0s_LP_20250114-215644.fit": {"eqmode": null, "size": 4155840, "mtime": 1776002803.266622}, "/home/tristan/ZeSolver/dataset_test/Light_mosaic_M 31_10.0s_LP_20250114-214656.fit": {"eqmode": null, "size": 4158720, "mtime": 1776002784.5345426}, "/home/tristan/ZeSolver/dataset_test/Light_mosaic_M 31_10.0s_LP_20250114-212420.fit": {"eqmode": null, "size": 4155840, "mtime": 1776002751.890404}, "/home/tristan/ZeSolver/dataset_test/Light_mosaic_M 31_10.0s_LP_20250114-214132.fit": {"eqmode": null, "size": 4155840, "mtime": 1776002777.118511},